"Net Profit: All","Net Profit: All %","Net Profit: Long","Net Profit: Long %","Net Profit: Short","Net Profit: Short %","Gross Profit: All","Gross Profit: All %","Gross Profit: Long","Gross Profit: Long %","Gross Profit: Short","Gross Profit: Short %","Gross Loss: All","Gross Loss: All %","Gross Loss: Long","Gross Loss: Long %","Gross Loss: Short","Gross Loss: Short %","Max Drawdown: All","Max Drawdown: All %","Buy & Hold Return: All","Buy & Hold Return: All %","Sharpe Ratio: All","Sortino Ratio: All","Profit Factor: All","Profit Factor: Long","Profit Factor: Short","Max Contracts Held: All","Max Contracts Held: Long","Max Contracts Held: Short","Open PL: All","Open PL: All %","Commission Paid: All","Commission Paid: Long","Commission Paid: Short","Total Closed Trades: All","Total Closed Trades: Long","Total Closed Trades: Short","Total Open Trades: All","Total Open Trades: Long","Total Open Trades: Short","Number Winning Trades: All","Number Winning Trades: Long","Number Winning Trades: Short","Number Losing Trades: All","Number Losing Trades: Long","Number Losing Trades: Short","Percent Profitable: All","Percent Profitable: Long","Percent Profitable: Short","Avg Trade: All","Avg Trade: All %","Avg Trade: Long","Avg Trade: Long %","Avg Trade: Short","Avg Trade: Short %","Avg Winning Trade: All","Avg Winning Trade: All %","Avg Winning Trade: Long","Avg Winning Trade: Long %","Avg Winning Trade: Short","Avg Winning Trade: Short %","Avg Losing Trade: All","Avg Losing Trade: All %","Avg Losing Trade: Long","Avg Losing Trade: Long %","Avg Losing Trade: Short","Avg Losing Trade: Short %","Ratio Avg Win / Avg Loss: All","Ratio Avg Win / Avg Loss: Long","Ratio Avg Win / Avg Loss: Short","Largest Winning Trade: All","Largest Winning Trade: All %","Largest Winning Trade: Long","Largest Winning Trade: Long %","Largest Winning Trade: Short","Largest Winning Trade: Short %","Largest Losing Trade: All","Largest Losing Trade: All %","Largest Losing Trade: Long","Largest Losing Trade: Long %","Largest Losing Trade: Short","Largest Losing Trade: Short %","Avg # Bars in Trades: All","Avg # Bars in Trades: Long","Avg # Bars in Trades: Short","Avg # Bars in Winning Trades: All","Avg # Bars in Winning Trades: Long","Avg # Bars in Winning Trades: Short","Avg # Bars in Losing Trades: All","Avg # Bars in Losing Trades: Long","Avg # Bars in Losing Trades: Short","Margin Calls: All","Margin Calls: Long","Margin Calls: Short","__Long Trades","__Short Trades","__Type of Take Profit","__Type of Stoploss","__Stop Loss Long %","__Take Profit Long %","__Stop Loss Short %","__Take Profit Short %","__Highest High lookback","__Lowest Low Lookback","__Profit factor Long (Risk to Reward)","__Profit factor Short (Risk to Reward)","__Risk Adjustment","__Swing Lookback","__ATR length","__Use ATR Trailing Stop","__ATR Trailing Stop Multiplier","__ATR Trailing Stop Source","__R:R To Trigger Exit","__Set Max Total DrawDown","__Max Drawdown (%)","__Stop Loss Buffer - Long","__Stop Loss Buffer - Short","__% of Portfolio","__Leverage","__Show Liquadation line (BETA)","__Maintenance Margin Rate","__Activate Threshold Risk:Reward?","__Threshold Risk:Reward","__Take Multi Profit X3","__% to take at First TP","__Level 1","__% to take at Second TP","__Level 2","__% to take at Third TP","__Level 3","__Enable Repainting?","__Use Limit exit","__Allow Reversal Trades","__Close trade on reverse strategy","__Wait for confirmation of new entry on reversal","__Wait for confirmed?","__Use Moving Averages?","__Inverse Moving Averages?","__Revserse all?","__MA #1","__MA Type #1","__MA Length #1","__MA #2","__MA Type #2","__MA Length #2","__MA #3","__MA Type #3","__MA Length #3","__MA #4","__MA Type #4","__MA Length #4","__MA #5","__MA Type #5","__MA Length #5","__HMA BAR","__HMA Length","__Fast EMA","__Fast EMA Source","__Slow EMA","__Fast EMA Source two","__WT Channel Length","__WT Average Length","__WT MA Source","__WT MA Length","__WT Overbought Level 1","__WT Overbought Level 2","__WT Overbought Level 3","__WT Oversold Level 1","__WT Oversold Level 2","__WT Oversold Level 3","__RSI Source","__RSI Length","__RSI Oversold","__RSI Overbought","__Use Log?","__Force Exit On Exit Signal ?","__Enable Max Trades?","__Max Trades Per Direction?","__Enable ADX ?","__ADX Smoothing","__DI Length","__ADX Above line","__Enable RSI ?","__RSI Overbrought","__Enable MFI ?","__MFI Source","__MFI Length","__MFI Overbrought","__MFI Oversold","__Enable Flat Market ?","__Flat Market Above Line","__Use vWap / ema","__VWap Source","__VWap2 Source","__Vwap Length","__Use Time Session Filter","__Timezone","__Time Session To Ignore Trades","__Use Date Session Filter","__Mon","__Tue","__Wed","__Thur","__Fri","__Sat","__Sun","__Use Strategy Alerts? - Please read the tooltip","__Alert Frequency","__API Entry - Long","__API Exit - Long","__API Entry - Short","__API Exit - Short","__API First TP - Long","__API First TP - Short","__API Second TP - Long","__API Second TP - Short","__Plot Entry/SL/TP","__Plot trail trigger price","__Dashboard On / Off","__Dashboard Distance","__Notes","comment"
51081.45,51.08,26850.14,26.85,24231.31,24.23,550984.65,550.98,293826.47,293.83,257158.18,257.16,499903.2,499.9,266976.33,266.98,232926.88,232.93,35188.06,22.05,484978.95,484.98,0.222,0.394,1.102,1.101,1.104,23,19,23,0,0,41085.7,22002.65,19083.04,327,179,148,0,0,0,233,128,105,94,51,43,71.25,71.51,70.95,156.21,0.16,150,0.15,163.73,0.16,2364.74,2.36,2295.52,2.3,2449.13,2.45,5318.12,5.32,5234.83,5.23,5416.9,5.42,0.445,0.439,0.452,2988.01,2.01,2988.01,2.01,2928.85,1.93,9460.78,7.4,6535.16,4.13,9460.78,7.4,41,40,42,36,38,32,53,44,64,0,0,0,true,true,"Fixed Percent","Fixed Percent",4,2,4,2,10,10,1.5,1.5,1,5,14,false,1,"High/Low",0,false,20,0,0,100,1,false,0.5,false,1,false,33,33,33,66,100,100,false,true,false,false,false,true,"Close over/under MA5",false,false,true,"EMA",9,true,"EMA",21,true,"EMA",55,true,"EMA",100,true,"EMA",200,false,100,50,"close",200,"close",8,12,"hlc3",3,52,60,100,-53,-60,-75,"close",14,50,60,true,false,false,5,false,14,14,35,false,50,false,"hlc3",14,50,50,false,30,false,"close","close",3,false,"GMT+2","00:00",false,true,true,true,true,true,true,true,false,"Once per bar","3commas,alerteron etc","3commas,alerteron etc","3commas,alerteron etc","3commas,alerteron etc","3commas,alerteron etc","3commas,alerteron etc","3commas,alerteron etc","3commas,alerteron etc",true,true,true,13," ","Default parameters."
12912.62,12.91,24226.04,24.23,-11313.42,-11.31,554501.55,554.5,270710.01,270.71,283791.54,283.79,541588.93,541.59,246483.97,246.48,295104.96,295.1,71784.5,39.88,484715.1,484.72,0.082,0.134,1.024,1.098,0.962,23,17,23,0,0,33414.35,20283.78,13130.57,278,174,104,0,0,0,173,125,48,105,49,56,62.23,71.84,46.15,46.45,0.05,139.23,0.14,-108.78,-0.11,3205.21,3.21,2165.68,2.17,5912.32,5.91,5157.99,5.16,5030.29,5.03,5269.73,5.27,0.621,0.431,1.122,8119.91,4.72,3226.52,2.01,8119.91,4.72,9202.26,7.4,7092.35,4.13,9202.26,7.4,59,39,91,49,37,80,74,44,100,0,0,0,true,true,"Fixed Percent","Fixed Percent",4,2,4,4.8,10,10,1.5,1.5,1,5,14,false,1,"High/Low",0,false,20,0,0,100,1,false,0.5,false,1,false,33,33,33,66,100,100,false,true,false,false,false,true,"Close over/under MA5",false,false,true,"EMA",9,true,"EMA",21,true,"EMA",55,true,"EMA",100,true,"EMA",200,false,100,50,"close",200,"close",8,12,"hlc3",3,52,60,100,-53,-60,-75,"close",14,50,60,true,false,false,5,false,14,14,35,false,50,false,"hlc3",14,50,50,false,30,false,"close","close",3,false,"GMT+2","00:00",false,true,true,true,true,true,true,true,false,"Once per bar","3commas,alerteron etc","3commas,alerteron etc","3commas,alerteron etc","3commas,alerteron etc","3commas,alerteron etc","3commas,alerteron etc","3commas,alerteron etc","3commas,alerteron etc",true,true,true,13," ",""
62599.88,62.6,26914.47,26.91,35685.41,35.69,581444.18,581.44,309997.56,310,271446.62,271.45,518844.29,518.84,283083.08,283.08,235761.21,235.76,36386.96,20.83,484715.1,484.72,0.268,0.49,1.121,1.095,1.151,23,19,23,0,0,43579.64,23247.8,20331.84,327,179,148,0,0,0,232,128,104,95,51,44,70.95,71.51,70.27,191.44,0.19,150.36,0.15,241.12,0.24,2506.22,2.51,2421.86,2.42,2610.06,2.61,5461.52,5.46,5550.65,5.55,5358.21,5.36,0.459,0.436,0.487,3271.3,2.01,3271.3,2.01,3156.86,1.93,9550.05,7.4,7154.7,4.13,9550.05,7.4,40,40,41,36,38,32,52,44,62,0,0,0,true,true,"Fixed Percent","Fixed Percent",4,2,3.7,2,10,10,1.5,1.5,1,5,14,false,1,"High/Low",0,false,20,0,0,100,1,false,0.5,false,1,false,33,33,33,66,100,100,false,true,false,false,false,true,"Close over/under MA5",false,false,true,"EMA",9,true,"EMA",21,true,"EMA",55,true,"EMA",100,true,"EMA",200,false,100,50,"close",200,"close",8,12,"hlc3",3,52,60,100,-53,-60,-75,"close",14,50,60,true,false,false,5,false,14,14,35,false,50,false,"hlc3",14,50,50,false,30,false,"close","close",3,false,"GMT+2","00:00",false,true,true,true,true,true,true,true,false,"Once per bar","3commas,alerteron etc","3commas,alerteron etc","3commas,alerteron etc","3commas,alerteron etc","3commas,alerteron etc","3commas,alerteron etc","3commas,alerteron etc","3commas,alerteron etc",true,true,true,13," ",""
49263.82,49.26,12130.5,12.13,37133.32,37.13,550895.62,550.9,287294.47,287.29,263601.15,263.6,501631.79,501.63,275163.96,275.16,226467.83,226.47,39114.49,22.93,485311.38,485.31,0.251,0.453,1.098,1.044,1.164,22,18,22,0,0,42464.28,22784.79,19679.49,332,183,149,0,0,0,229,124,105,103,59,44,68.98,67.76,70.47,148.39,0.15,66.29,0.07,249.22,0.25,2405.66,2.41,2316.89,2.32,2510.49,2.51,4870.21,4.87,4663.8,4.66,5147,5.15,0.494,0.497,0.488,3199.29,2.01,3199.29,2.01,3127.56,1.93,9129.98,7.4,6159.37,3.63,9129.98,7.4,38,35,42,34,35,32,48,36,64,0,0,0,true,true,"Fixed Percent","Fixed Percent",3.5,2,3.7,2,10,10,1.5,1.5,1,5,14,false,1,"High/Low",0,false,20,0,0,100,1,false,0.5,false,1,false,33,33,33,66,100,100,false,true,false,false,false,true,"Close over/under MA5",false,false,true,"EMA",9,true,"EMA",21,true,"EMA",55,true,"EMA",100,true,"EMA",200,false,100,50,"close",200,"close",8,12,"hlc3",3,52,60,100,-53,-60,-75,"close",14,50,60,true,false,false,5,false,14,14,35,false,50,false,"hlc3",14,50,50,false,30,false,"close","close",3,false,"GMT+2","00:00",false,true,true,true,true,true,true,true,false,"Once per bar","3commas,alerteron etc","3commas,alerteron etc","3commas,alerteron etc","3commas,alerteron etc","3commas,alerteron etc","3commas,alerteron etc","3commas,alerteron etc","3commas,alerteron etc",true,true,true,13," ",""
133619.21,133.62,71420.19,71.42,62199.02,62.2,802203.01,802.2,447238.06,447.24,354964.94,354.96,668583.8,668.58,375817.88,375.82,292765.92,292.77,67819.46,24.77,485197.55,485.2,0.325,0.75,1.2,1.19,1.212,24,19,24,0,0,44942.66,18735.43,26207.24,257,112,145,0,0,0,163,60,103,94,52,42,63.42,53.57,71.03,519.92,0.52,637.68,0.64,428.96,0.43,4921.49,4.92,7453.97,7.45,3446.26,3.45,7112.59,7.11,7227.27,7.23,6970.62,6.97,0.692,1.031,0.494,12488.47,4.71,12488.47,4.71,4733.68,1.93,11381.92,7.4,11381.92,4.13,9700.2,7.4,67,103,40,64,118,32,73,86,58,0,0,0,true,true,"Fixed Percent","Fixed Percent",4,4.8,3.7,2,10,10,1.5,1.5,1,5,14,false,1,"High/Low",0,false,20,0,0,100,1,false,0.5,false,1,false,33,33,33,66,100,100,false,true,false,false,false,true,"Close over/under MA5",false,false,true,"EMA",9,true,"EMA",21,true,"EMA",55,true,"EMA",100,true,"EMA",200,false,100,50,"close",200,"close",8,12,"hlc3",3,52,60,100,-53,-60,-75,"close",14,50,60,true,false,false,5,false,14,14,35,false,50,false,"hlc3",14,50,50,false,30,false,"close","close",3,false,"GMT+2","00:00",false,true,true,true,true,true,true,true,false,"Once per bar","3commas,alerteron etc","3commas,alerteron etc","3commas,alerteron etc","3commas,alerteron etc","3commas,alerteron etc","3commas,alerteron etc","3commas,alerteron etc","3commas,alerteron etc",true,true,true,13," ",""
58532.85,58.53,47818.48,47.82,10714.37,10.71,676959.66,676.96,353714.97,353.71,323244.69,323.24,618426.81,618.43,305896.49,305.9,312530.32,312.53,52217.76,30.72,484715.1,484.72,0.185,0.357,1.095,1.156,1.034,23,18,23,0,0,31401.91,15024.96,16376.95,223,112,111,0,0,0,115,59,56,108,53,55,51.57,52.68,50.45,262.48,0.26,426.95,0.43,96.53,0.1,5886.61,5.89,5995.17,6,5772.23,5.77,5726.17,5.73,5771.63,5.77,5682.37,5.68,1.028,1.039,1.016,9082.23,4.71,9082.23,4.71,7587.7,3.91,9073.81,7.4,8240.83,4.13,9073.81,7.4,86,98,74,86,110,61,86,85,87,0,0,0,true,true,"Fixed Percent","Fixed Percent",4,4.8,3.7,4,10,10,1.5,1.5,1,5,14,false,1,"High/Low",0,false,20,0,0,100,1,false,0.5,false,1,false,33,33,33,66,100,100,false,true,false,false,false,true,"Close over/under MA5",false,false,true,"EMA",9,true,"EMA",21,true,"EMA",55,true,"EMA",100,true,"EMA",200,false,100,50,"close",200,"close",8,12,"hlc3",3,52,60,100,-53,-60,-75,"close",14,50,60,true,false,false,5,false,14,14,35,false,50,false,"hlc3",14,50,50,false,30,false,"close","close",3,false,"GMT+2","00:00",false,true,true,true,true,true,true,true,false,"Once per bar","3commas,alerteron etc","3commas,alerteron etc","3commas,alerteron etc","3commas,alerteron etc","3commas,alerteron etc","3commas,alerteron etc","3commas,alerteron etc","3commas,alerteron etc",true,true,true,13," ",""
79667.88,79.67,24816.58,24.82,54851.3,54.85,759222.86,759.22,415875.24,415.88,343347.61,343.35,679554.98,679.55,391058.66,391.06,288496.31,288.5,96528.32,36.92,484715.1,484.72,0.257,0.537,1.117,1.063,1.19,24,19,24,0,0,45539.4,20052.99,25486.41,268,121,147,0,0,0,161,57,104,107,64,43,60.07,47.11,70.75,297.27,0.3,205.1,0.21,373.14,0.37,4715.67,4.72,7296.06,7.3,3301.42,3.3,6350.98,6.35,6110.29,6.11,6709.22,6.71,0.743,1.194,0.492,11785.79,4.71,11785.79,4.71,4459.23,1.93,9709.4,7.4,9169.62,3.53,9709.4,7.4,61,85,40,58,105,32,64,67,59,0,0,0,true,true,"Fixed Percent","Fixed Percent",3.4,4.8,3.7,2,10,10,1.5,1.5,1,5,14,false,1,"High/Low",0,false,20,0,0,100,1,false,0.5,false,1,false,33,33,33,66,100,100,false,true,false,false,false,true,"Close over/under MA5",false,false,true,"EMA",9,true,"EMA",21,true,"EMA",55,true,"EMA",100,true,"EMA",200,false,100,50,"close",200,"close",8,12,"hlc3",3,52,60,100,-53,-60,-75,"close",14,50,60,true,false,false,5,false,14,14,35,false,50,false,"hlc3",14,50,50,false,30,false,"close","close",3,false,"GMT+2","00:00",false,true,true,true,true,true,true,true,false,"Once per bar","3commas,alerteron etc","3commas,alerteron etc","3commas,alerteron etc","3commas,alerteron etc","3commas,alerteron etc","3commas,alerteron etc","3commas,alerteron etc","3commas,alerteron etc",true,true,true,13," ",""
54793.85,54.79,11310.31,11.31,43483.54,43.48,651406.54,651.41,342607.81,342.61,308798.73,308.8,596612.69,596.61,331297.5,331.3,265315.19,265.32,73161.25,33.61,485130.06,485.13,0.203,0.455,1.092,1.034,1.164,24,19,24,0,0,43123.03,20055.99,23067.04,286,136,150,0,0,0,158,53,105,128,83,45,55.24,38.97,70,191.59,0.19,83.16,0.08,289.89,0.29,4122.83,4.12,6464.3,6.46,2940.94,2.94,4661.04,4.66,3991.54,3.99,5895.89,5.9,0.885,1.62,0.499,9752.81,4.71,9752.81,4.71,3888.03,1.93,9637.65,7.4,5684.99,2.63,9637.65,7.4,53,66,42,52,90,32,55,50,64,0,0,0,true,true,"Fixed Percent","Fixed Percent",2.5,4.8,3.7,2,10,10,1.5,1.5,1,5,14,false,1,"High/Low",0,false,20,0,0,100,1,false,0.5,false,1,false,33,33,33,66,100,100,false,true,false,false,false,true,"Close over/under MA5",false,false,true,"EMA",9,true,"EMA",21,true,"EMA",55,true,"EMA",100,true,"EMA",200,false,100,50,"close",200,"close",8,12,"hlc3",3,52,60,100,-53,-60,-75,"close",14,50,60,true,false,false,5,false,14,14,35,false,50,false,"hlc3",14,50,50,false,30,false,"close","close",3,false,"GMT+2","00:00",false,true,true,true,true,true,true,true,false,"Once per bar","3commas,alerteron etc","3commas,alerteron etc","3commas,alerteron etc","3commas,alerteron etc","3commas,alerteron etc","3commas,alerteron etc","3commas,alerteron etc","3commas,alerteron etc",true,true,true,13," ",""
67316.66,67.32,47862.66,47.86,19454,19.45,702718.77,702.72,361438.38,361.44,341280.39,341.28,635402.11,635.4,313575.72,313.58,321826.39,321.83,52673.67,29.92,485148.49,485.15,0.2,0.394,1.106,1.153,1.06,23,19,23,0,0,32236.96,15376.92,16860.04,223,112,111,0,0,0,115,59,56,108,53,55,51.57,52.68,50.45,301.87,0.3,427.35,0.43,175.26,0.18,6110.6,6.11,6126.07,6.13,6094.29,6.09,5883.35,5.88,5916.52,5.92,5851.39,5.85,1.039,1.035,1.042,9402.02,4.71,9402.02,4.71,8055.89,4.01,9108.79,7.4,8530.95,4.13,9108.79,7.4,86,98,74,86,110,61,86,85,87,0,0,0,true,true,"Fixed Percent","Fixed Percent",4,4.8,3.7,4.1,10,10,1.5,1.5,1,5,14,false,1,"High/Low",0,false,20,0,0,100,1,false,0.5,false,1,false,33,33,33,66,100,100,false,true,false,false,false,true,"Close over/under MA5",false,false,true,"EMA",9,true,"EMA",21,true,"EMA",55,true,"EMA",100,true,"EMA",200,false,100,50,"close",200,"close",8,12,"hlc3",3,52,60,100,-53,-60,-75,"close",14,50,60,true,false,false,5,false,14,14,35,false,50,false,"hlc3",14,50,50,false,30,false,"close","close",3,false,"GMT+2","00:00",false,true,true,true,true,true,true,true,false,"Once per bar","3commas,alerteron etc","3commas,alerteron etc","3commas,alerteron etc","3commas,alerteron etc","3commas,alerteron etc","3commas,alerteron etc","3commas,alerteron etc","3commas,alerteron etc",true,true,true,13," ",""
48868.35,48.87,44934.61,44.93,3933.74,3.93,684580.84,684.58,352475.26,352.48,332105.58,332.11,635712.49,635.71,307540.65,307.54,328171.84,328.17,72914.9,34.13,485063.38,485.06,0.168,0.308,1.077,1.146,1.012,23,18,23,0,0,30604.91,15037.16,15567.75,216,112,104,0,0,0,106,59,47,110,53,57,49.07,52.68,45.19,226.24,0.23,401.2,0.4,37.82,0.04,6458.31,6.46,5974.16,5.97,7066.08,7.07,5779.2,5.78,5802.65,5.8,5757.4,5.76,1.118,1.03,1.227,9916.72,4.72,9916.72,4.71,9790.8,4.72,9356.3,7.4,9038.07,4.13,9356.3,7.4,91,98,83,92,110,70,89,85,93,0,0,0,true,true,"Fixed Percent","Fixed Percent",4,4.8,3.7,4.8,10,10,1.5,1.5,1,5,14,false,1,"High/Low",0,false,20,0,0,100,1,false,0.5,false,1,false,33,33,33,66,100,100,false,true,false,false,false,true,"Close over/under MA5",false,false,true,"EMA",9,true,"EMA",21,true,"EMA",55,true,"EMA",100,true,"EMA",200,false,100,50,"close",200,"close",8,12,"hlc3",3,52,60,100,-53,-60,-75,"close",14,50,60,true,false,false,5,false,14,14,35,false,50,false,"hlc3",14,50,50,false,30,false,"close","close",3,false,"GMT+2","00:00",false,true,true,true,true,true,true,true,false,"Once per bar","3commas,alerteron etc","3commas,alerteron etc","3commas,alerteron etc","3commas,alerteron etc","3commas,alerteron etc","3commas,alerteron etc","3commas,alerteron etc","3commas,alerteron etc",true,true,true,13," ",""
79995.15,80,55232.12,55.23,24763.04,24.76,736559.88,736.56,436320.73,436.32,300239.15,300.24,656564.72,656.56,381088.61,381.09,275476.11,275.48,73804.91,35.33,485249.05,485.25,0.25,0.469,1.122,1.145,1.09,23,16,23,0,0,47787.62,18623.23,29164.39,286,116,170,0,0,0,153,61,92,133,55,78,53.5,52.59,54.12,279.7,0.28,476.14,0.48,145.66,0.15,4814.12,4.81,7152.8,7.15,3263.47,3.26,4936.58,4.94,6928.88,6.93,3531.74,3.53,0.975,1.032,0.924,11327.19,4.71,11327.19,4.71,4529.09,1.93,10323.49,7.4,10323.49,4.13,9175.64,7.4,56,109,20,62,125,21,48,92,18,0,0,0,true,true,"Fixed Percent","Fixed Percent",4,4.8,1.9,2,10,10,1.5,1.5,1,5,14,false,1,"High/Low",0,false,20,0,0,100,1,false,0.5,false,1,false,33,33,33,66,100,100,false,true,false,false,false,true,"Close over/under MA5",false,false,true,"EMA",9,true,"EMA",21,true,"EMA",55,true,"EMA",100,true,"EMA",200,false,100,50,"close",200,"close",8,12,"hlc3",3,52,60,100,-53,-60,-75,"close",14,50,60,true,false,false,5,false,14,14,35,false,50,false,"hlc3",14,50,50,false,30,false,"close","close",3,false,"GMT+2","00:00",false,true,true,true,true,true,true,true,false,"Once per bar","3commas,alerteron etc","3commas,alerteron etc","3commas,alerteron etc","3commas,alerteron etc","3commas,alerteron etc","3commas,alerteron etc","3commas,alerteron etc","3commas,alerteron etc",true,true,true,13," ",""
19992.34,19.99,-4031.25,-4.03,24023.59,24.02,462420.09,462.42,220971.14,220.97,241448.95,241.45,442427.75,442.43,225002.39,225,217425.36,217.43,44551.76,28.66,485248.91,485.25,0.109,0.178,1.045,0.982,1.11,21,17,21,0,0,39085.22,20794.82,18290.4,335,181,154,0,0,0,150,43,107,185,138,47,44.78,23.76,69.48,59.68,0.06,-22.27,-0.02,156,0.16,3082.8,3.08,5138.86,5.14,2256.53,2.26,2391.5,2.39,1630.45,1.63,4626.07,4.63,1.289,3.152,0.488,7017.4,4.71,7017.4,4.71,2799.71,1.93,8559.13,7.4,2954.13,2.82,8559.13,7.4,41,40,42,44,73,33,39,30,64,0,0,0,true,true,"Fixed Percent","Fixed Percent",1.3,4.8,3.7,2,10,10,1.5,1.5,1,5,14,false,1,"High/Low",0,false,20,0,0,100,1,false,0.5,false,1,false,33,33,33,66,100,100,false,true,false,false,false,true,"Close over/under MA5",false,false,true,"EMA",9,true,"EMA",21,true,"EMA",55,true,"EMA",100,true,"EMA",200,false,100,50,"close",200,"close",8,12,"hlc3",3,52,60,100,-53,-60,-75,"close",14,50,60,true,false,false,5,false,14,14,35,false,50,false,"hlc3",14,50,50,false,30,false,"close","close",3,false,"GMT+2","00:00",false,true,true,true,true,true,true,true,false,"Once per bar","3commas,alerteron etc","3commas,alerteron etc","3commas,alerteron etc","3commas,alerteron etc","3commas,alerteron etc","3commas,alerteron etc","3commas,alerteron etc","3commas,alerteron etc",true,true,true,13," ",""
78793.53,78.79,46594.73,46.59,32198.8,32.2,727884.87,727.88,365543.56,365.54,362341.31,362.34,649091.34,649.09,318948.83,318.95,330142.51,330.14,51636.03,31.31,484715.1,484.72,0.218,0.447,1.121,1.146,1.098,23,19,23,0,0,32761.41,15594.87,17166.55,222,112,110,0,0,0,114,59,55,108,53,55,51.35,52.68,50,354.93,0.35,416.02,0.42,292.72,0.29,6384.95,6.38,6195.65,6.2,6588.02,6.59,6010.1,6.01,6017.9,6.02,6002.59,6,1.062,1.03,1.098,9681.15,4.71,9681.15,4.71,8707.6,4.21,9178.98,7.4,8823.39,4.13,9178.98,7.4,87,98,76,86,110,60,88,85,91,0,0,0,true,true,"Fixed Percent","Fixed Percent",4,4.8,3.7,4.3,10,10,1.5,1.5,1,5,14,false,1,"High/Low",0,false,20,0,0,100,1,false,0.5,false,1,false,33,33,33,66,100,100,false,true,false,false,false,true,"Close over/under MA5",false,false,true,"EMA",9,true,"EMA",21,true,"EMA",55,true,"EMA",100,true,"EMA",200,false,100,50,"close",200,"close",8,12,"hlc3",3,52,60,100,-53,-60,-75,"close",14,50,60,true,false,false,5,false,14,14,35,false,50,false,"hlc3",14,50,50,false,30,false,"close","close",3,false,"GMT+2","00:00",false,true,true,true,true,true,true,true,false,"Once per bar","3commas,alerteron etc","3commas,alerteron etc","3commas,alerteron etc","3commas,alerteron etc","3commas,alerteron etc","3commas,alerteron etc","3commas,alerteron etc","3commas,alerteron etc",true,true,true,13," ",""
58532.85,58.53,47818.48,47.82,10714.37,10.71,676959.66,676.96,353714.97,353.71,323244.69,323.24,618426.81,618.43,305896.49,305.9,312530.32,312.53,52217.76,30.72,485230.48,485.23,0.185,0.357,1.095,1.156,1.034,23,18,23,0,0,31401.91,15024.96,16376.95,223,112,111,0,0,0,115,59,56,108,53,55,51.57,52.68,50.45,262.48,0.26,426.95,0.43,96.53,0.1,5886.61,5.89,5995.17,6,5772.23,5.77,5726.17,5.73,5771.63,5.77,5682.37,5.68,1.028,1.039,1.016,9082.23,4.71,9082.23,4.71,7587.7,3.91,9073.81,7.4,8240.83,4.13,9073.81,7.4,86,98,74,86,110,61,86,85,87,0,0,0,true,true,"Fixed Percent","Fixed Percent",4,4.8,3.7,4,10,10,1.5,1.5,1,5,14,false,1,"High/Low",0,false,20,0,0,100,1,false,0.5,false,1,false,33,33,33,66,100,100,false,true,false,false,false,true,"Close over/under MA5",false,false,true,"EMA",9,true,"EMA",21,true,"EMA",55,true,"EMA",100,true,"EMA",200,false,100,50,"close",200,"close",8,12,"hlc3",3,52,60,100,-53,-60,-75,"close",14,50,60,true,false,false,5,false,14,14,35,false,50,false,"hlc3",14,50,50,false,30,false,"close","close",3,false,"GMT+2","00:00",false,true,true,true,true,true,true,true,false,"Once per bar","3commas,alerteron etc","3commas,alerteron etc","3commas,alerteron etc","3commas,alerteron etc","3commas,alerteron etc","3commas,alerteron etc","3commas,alerteron etc","3commas,alerteron etc",true,true,true,13," ",""
11129.78,11.13,-10083.41,-10.08,21213.19,21.21,430762.97,430.76,202793.08,202.79,227969.89,227.97,419633.2,419.63,212876.49,212.88,206756.7,206.76,39480.44,27.57,485318.97,485.32,0.071,0.118,1.027,0.953,1.103,21,17,21,0,0,38051.88,20750.04,17301.84,343,189,154,0,0,0,149,42,107,194,147,47,43.44,22.22,69.48,32.45,0.03,-53.35,-0.05,137.75,0.14,2891.03,2.89,4828.41,4.83,2130.56,2.13,2163.06,2.16,1448.14,1.45,4399.08,4.4,1.337,3.334,0.484,6465.53,4.71,6465.53,4.71,2589.94,1.93,8628.84,7.4,2872.57,2.82,8628.84,7.4,40,38,42,43,69,33,37,29,64,0,0,0,true,true,"Fixed Percent","Fixed Percent",1.2,4.8,3.7,2,10,10,1.5,1.5,1,5,14,false,1,"High/Low",0,false,20,0,0,100,1,false,0.5,false,1,false,33,33,33,66,100,100,false,true,false,false,false,true,"Close over/under MA5",false,false,true,"EMA",9,true,"EMA",21,true,"EMA",55,true,"EMA",100,true,"EMA",200,false,100,50,"close",200,"close",8,12,"hlc3",3,52,60,100,-53,-60,-75,"close",14,50,60,true,false,false,5,false,14,14,35,false,50,false,"hlc3",14,50,50,false,30,false,"close","close",3,false,"GMT+2","00:00",false,true,true,true,true,true,true,true,false,"Once per bar","3commas,alerteron etc","3commas,alerteron etc","3commas,alerteron etc","3commas,alerteron etc","3commas,alerteron etc","3commas,alerteron etc","3commas,alerteron etc","3commas,alerteron etc",true,true,true,13," ",""
127822.79,127.82,66101.94,66.1,61720.85,61.72,799513.52,799.51,447348.55,447.35,352164.97,352.16,671690.73,671.69,381246.61,381.25,290444.12,290.44,67314.71,25.63,484715.1,484.72,0.318,0.739,1.19,1.173,1.213,25,20,25,0,0,46255.01,20262.07,25992.94,267,122,145,0,0,0,172,69,103,95,53,42,64.42,56.56,71.03,478.74,0.48,541.82,0.54,425.66,0.43,4648.33,4.65,6483.31,6.48,3419.08,3.42,7070.43,7.07,7193.33,7.19,6915.34,6.92,0.657,0.901,0.494,10684.94,4.11,10684.94,4.11,4661.02,1.93,11099.2,7.4,11099.2,4.13,10094.53,7.4,63,91,40,58,96,32,72,83,58,0,0,0,true,true,"Fixed Percent","Fixed Percent",4,4.2,3.7,2,10,10,1.5,1.5,1,5,14,false,1,"High/Low",0,false,20,0,0,100,1,false,0.5,false,1,false,33,33,33,66,100,100,false,true,false,false,false,true,"Close over/under MA5",false,false,true,"EMA",9,true,"EMA",21,true,"EMA",55,true,"EMA",100,true,"EMA",200,false,100,50,"close",200,"close",8,12,"hlc3",3,52,60,100,-53,-60,-75,"close",14,50,60,true,false,false,5,false,14,14,35,false,50,false,"hlc3",14,50,50,false,30,false,"close","close",3,false,"GMT+2","00:00",false,true,true,true,true,true,true,true,false,"Once per bar","3commas,alerteron etc","3commas,alerteron etc","3commas,alerteron etc","3commas,alerteron etc","3commas,alerteron etc","3commas,alerteron etc","3commas,alerteron etc","3commas,alerteron etc",true,true,true,13," ",""
61880.37,61.88,35121.02,35.12,26759.35,26.76,605323.61,605.32,332912.05,332.91,272411.56,272.41,543443.25,543.44,297791.04,297.79,245652.21,245.65,53969.65,30.99,485219.23,485.22,0.192,0.396,1.114,1.118,1.109,23,18,23,-5541.62,-3.42,34025.87,14377.77,19648.1,256,111,145,1,0,1,163,57,106,93,54,39,63.67,51.35,73.1,241.72,0.24,316.41,0.32,184.55,0.18,3713.64,3.71,5840.56,5.84,2569.92,2.57,5843.48,5.84,5514.65,5.51,6298.77,6.3,0.636,1.059,0.408,8649.47,4.71,8649.47,4.71,3293.63,1.93,9351.29,7.4,7883.16,4.13,9351.29,7.4,69,97,47,58,105,33,88,89,87,0,0,0,true,true,"Fixed Percent","Fixed Percent",4,4.8,4.5,2,10,10,1.5,1.5,1,5,14,false,1,"High/Low",0,false,20,0,0,100,1,false,0.5,false,1,false,33,33,33,66,100,100,false,true,false,false,false,true,"Close over/under MA5",false,false,true,"EMA",9,true,"EMA",21,true,"EMA",55,true,"EMA",100,true,"EMA",200,false,100,50,"close",200,"close",8,12,"hlc3",3,52,60,100,-53,-60,-75,"close",14,50,60,true,false,false,5,false,14,14,35,false,50,false,"hlc3",14,50,50,false,30,false,"close","close",3,false,"GMT+2","00:00",false,true,true,true,true,true,true,true,false,"Once per bar","3commas,alerteron etc","3commas,alerteron etc","3commas,alerteron etc","3commas,alerteron etc","3commas,alerteron etc","3commas,alerteron etc","3commas,alerteron etc","3commas,alerteron etc",true,true,true,13," ",""
143358.02,143.36,77991.42,77.99,65366.6,65.37,845034.7,845.03,475965.41,475.97,369069.28,369.07,701676.67,701.68,397973.99,397.97,303702.68,303.7,71145.48,25.48,485108.1,485.11,0.337,0.803,1.204,1.196,1.215,25,20,25,0,0,48325.79,21098.26,27227.52,267,122,145,0,0,0,172,69,103,95,53,42,64.42,56.56,71.03,536.92,0.54,639.27,0.64,450.8,0.45,4912.99,4.91,6898.05,6.9,3583.2,3.58,7386.07,7.39,7508.94,7.51,7231.02,7.23,0.665,0.919,0.496,11591.41,4.21,11591.41,4.21,4931.25,1.93,11765.16,7.4,11765.16,4.13,10162.61,7.4,63,91,40,59,100,32,70,80,58,0,0,0,true,true,"Fixed Percent","Fixed Percent",4,4.3,3.7,2,10,10,1.5,1.5,1,5,14,false,1,"High/Low",0,false,20,0,0,100,1,false,0.5,false,1,false,33,33,33,66,100,100,false,true,false,false,false,true,"Close over/under MA5",false,false,true,"EMA",9,true,"EMA",21,true,"EMA",55,true,"EMA",100,true,"EMA",200,false,100,50,"close",200,"close",8,12,"hlc3",3,52,60,100,-53,-60,-75,"close",14,50,60,true,false,false,5,false,14,14,35,false,50,false,"hlc3",14,50,50,false,30,false,"close","close",3,false,"GMT+2","00:00",false,true,true,true,true,true,true,true,false,"Once per bar","3commas,alerteron etc","3commas,alerteron etc","3commas,alerteron etc","3commas,alerteron etc","3commas,alerteron etc","3commas,alerteron etc","3commas,alerteron etc","3commas,alerteron etc",true,true,true,13," ",""
83488.37,83.49,53065.34,53.07,30423.03,30.42,737996.4,738,374111.21,374.11,363885.19,363.89,654508.03,654.51,321045.87,321.05,333462.16,333.46,55369.65,36.65,484769.58,484.77,0.226,0.456,1.128,1.165,1.091,24,18,24,0,0,33671.11,16780.37,16890.73,231,122,109,0,0,0,121,68,53,110,54,56,52.38,55.74,48.62,361.42,0.36,434.96,0.43,279.11,0.28,6099.14,6.1,5501.64,5.5,6865.76,6.87,5950.07,5.95,5945.29,5.95,5954.68,5.95,1.025,0.925,1.153,9209.11,4.41,8712.43,4.21,9209.11,4.41,9802.83,7.4,8803.99,4.13,9802.83,7.4,82,87,77,80,92,65,84,80,88,0,0,0,true,true,"Fixed Percent","Fixed Percent",4,4.3,3.7,4.5,10,10,1.5,1.5,1,5,14,false,1,"High/Low",0,false,20,0,0,100,1,false,0.5,false,1,false,33,33,33,66,100,100,false,true,false,false,false,true,"Close over/under MA5",false,false,true,"EMA",9,true,"EMA",21,true,"EMA",55,true,"EMA",100,true,"EMA",200,false,100,50,"close",200,"close",8,12,"hlc3",3,52,60,100,-53,-60,-75,"close",14,50,60,true,false,false,5,false,14,14,35,false,50,false,"hlc3",14,50,50,false,30,false,"close","close",3,false,"GMT+2","00:00",false,true,true,true,true,true,true,true,false,"Once per bar","3commas,alerteron etc","3commas,alerteron etc","3commas,alerteron etc","3commas,alerteron etc","3commas,alerteron etc","3commas,alerteron etc","3commas,alerteron etc","3commas,alerteron etc",true,true,true,13," ",""
149211.94,149.21,83381.09,83.38,65830.86,65.83,830007.42,830.01,464350.19,464.35,365657.23,365.66,680795.48,680.8,380969.1,380.97,299826.38,299.83,72087.75,25.34,484769.17,484.77,0.347,0.827,1.219,1.219,1.22,23,19,23,0,0,47106.89,20151.49,26955.4,264,119,145,0,0,0,170,67,103,94,52,42,64.39,56.3,71.03,565.2,0.57,700.68,0.7,454.01,0.45,4882.4,4.88,6930.6,6.93,3550.07,3.55,7242.51,7.24,7326.33,7.33,7138.72,7.14,0.674,0.946,0.497,12048.26,4.31,12048.26,4.31,5001.66,1.93,11956.01,7.4,11956.01,4.13,10189.42,7.4,64,95,40,61,105,32,71,81,58,0,0,0,true,true,"Fixed Percent","Fixed Percent",4,4.4,3.7,2,10,10,1.5,1.5,1,5,14,false,1,"High/Low",0,false,20,0,0,100,1,false,0.5,false,1,false,33,33,33,66,100,100,false,true,false,false,false,true,"Close over/under MA5",false,false,true,"EMA",9,true,"EMA",21,true,"EMA",55,true,"EMA",100,true,"EMA",200,false,100,50,"close",200,"close",8,12,"hlc3",3,52,60,100,-53,-60,-75,"close",14,50,60,true,false,false,5,false,14,14,35,false,50,false,"hlc3",14,50,50,false,30,false,"close","close",3,false,"GMT+2","00:00",false,true,true,true,true,true,true,true,false,"Once per bar","3commas,alerteron etc","3commas,alerteron etc","3commas,alerteron etc","3commas,alerteron etc","3commas,alerteron etc","3commas,alerteron etc","3commas,alerteron etc","3commas,alerteron etc",true,true,true,13," ",""
185677.3,185.68,100333.61,100.33,85343.68,85.34,916070.22,916.07,516655.45,516.66,399414.77,399.41,730392.92,730.39,416321.84,416.32,314071.08,314.07,48883.4,21.82,484715.1,484.72,0.403,0.979,1.254,1.241,1.272,23,18,23,0,0,50643.43,21547.44,29096,259,116,143,0,0,0,171,68,103,88,48,40,66.02,58.62,72.03,716.9,0.72,864.94,0.86,596.81,0.6,5357.14,5.36,7597.87,7.6,3877.81,3.88,8299.92,8.3,8673.37,8.67,7851.78,7.85,0.645,0.876,0.494,12653.54,4.31,12653.54,4.31,5620.85,1.93,13527.09,7.4,13527.09,4.43,11437.56,7.4,67,100,40,63,110,32,74,86,59,0,0,0,true,true,"Fixed Percent","Fixed Percent",4.3,4.4,3.7,2,10,10,1.5,1.5,1,5,14,false,1,"High/Low",0,false,20,0,0,100,1,false,0.5,false,1,false,33,33,33,66,100,100,false,true,false,false,false,true,"Close over/under MA5",false,false,true,"EMA",9,true,"EMA",21,true,"EMA",55,true,"EMA",100,true,"EMA",200,false,100,50,"close",200,"close",8,12,"hlc3",3,52,60,100,-53,-60,-75,"close",14,50,60,true,false,false,5,false,14,14,35,false,50,false,"hlc3",14,50,50,false,30,false,"close","close",3,false,"GMT+2","00:00",false,true,true,true,true,true,true,true,false,"Once per bar","3commas,alerteron etc","3commas,alerteron etc","3commas,alerteron etc","3commas,alerteron etc","3commas,alerteron etc","3commas,alerteron etc","3commas,alerteron etc","3commas,alerteron etc",true,true,true,13," ",""
179896.31,179.9,96649.78,96.65,83246.53,83.25,903712.19,903.71,509980.03,509.98,393732.16,393.73,723815.88,723.82,413330.25,413.33,310485.63,310.49,47008.82,21.67,483951.17,483.95,0.412,0.958,1.249,1.234,1.268,23,19,23,0,0,49755.9,21052.27,28703.62,257,114,143,0,0,0,169,66,103,88,48,40,65.76,57.89,72.03,699.99,0.7,847.81,0.85,582.14,0.58,5347.41,5.35,7726.97,7.73,3822.64,3.82,8225.18,8.23,8611.05,8.61,7762.14,7.76,0.65,0.897,0.492,12661.34,4.41,12661.34,4.41,5481.53,1.93,13215.01,7.4,13215.01,4.43,11184.49,7.4,68,103,40,64,113,32,76,90,59,0,0,0,true,true,"Fixed Percent","Fixed Percent",4.3,4.5,3.7,2,10,10,1.5,1.5,1,5,14,false,1,"High/Low",0,false,20,0,0,100,1,false,0.5,false,1,false,33,33,33,66,100,100,false,true,false,false,false,true,"Close over/under MA5",false,false,true,"EMA",9,true,"EMA",21,true,"EMA",55,true,"EMA",100,true,"EMA",200,false,100,50,"close",200,"close",8,12,"hlc3",3,52,60,100,-53,-60,-75,"close",14,50,60,true,false,false,5,false,14,14,35,false,50,false,"hlc3",14,50,50,false,30,false,"close","close",3,false,"GMT+2","00:00",false,true,true,true,true,true,true,true,false,"Once per bar","3commas,alerteron etc","3commas,alerteron etc","3commas,alerteron etc","3commas,alerteron etc","3commas,alerteron etc","3commas,alerteron etc","3commas,alerteron etc","3commas,alerteron etc",true,true,true,13," ",""
104743.82,104.74,71207.62,71.21,33536.2,33.54,798235.85,798.24,416863.12,416.86,381372.72,381.37,693492.02,693.49,345655.5,345.66,347836.53,347.84,53552.21,24.69,484715.1,484.72,0.257,0.54,1.151,1.206,1.096,22,18,22,0,0,36143.75,17602.4,18541.35,225,116,109,0,0,0,123,67,56,102,49,53,54.67,57.76,51.38,465.53,0.47,613.86,0.61,307.67,0.31,6489.72,6.49,6221.84,6.22,6810.23,6.81,6798.94,6.8,7054.19,7.05,6562.95,6.56,0.955,0.882,1.038,9837.51,4.31,9837.51,4.31,9149.12,4.01,10430.11,7.4,10430.11,4.43,8981.17,7.4,85,95,75,83,102,61,88,86,89,0,0,0,true,true,"Fixed Percent","Fixed Percent",4.3,4.4,3.7,4.1,10,10,1.5,1.5,1,5,14,false,1,"High/Low",0,false,20,0,0,100,1,false,0.5,false,1,false,33,33,33,66,100,100,false,true,false,false,false,true,"Close over/under MA5",false,false,true,"EMA",9,true,"EMA",21,true,"EMA",55,true,"EMA",100,true,"EMA",200,false,100,50,"close",200,"close",8,12,"hlc3",3,52,60,100,-53,-60,-75,"close",14,50,60,true,false,false,5,false,14,14,35,false,50,false,"hlc3",14,50,50,false,30,false,"close","close",3,false,"GMT+2","00:00",false,true,true,true,true,true,true,true,false,"Once per bar","3commas,alerteron etc","3commas,alerteron etc","3commas,alerteron etc","3commas,alerteron etc","3commas,alerteron etc","3commas,alerteron etc","3commas,alerteron etc","3commas,alerteron etc",true,true,true,13," ",""
109299.59,109.3,75176.35,75.18,34123.25,34.12,814959.01,814.96,487838.66,487.84,327120.35,327.12,705659.42,705.66,412662.31,412.66,292997.11,293,79297.87,33.19,484715.1,484.72,0.31,0.572,1.155,1.182,1.116,22,16,22,0,0,52235.66,20780.59,31455.07,288,120,168,0,0,0,161,69,92,127,51,76,55.9,57.5,54.76,379.51,0.38,626.47,0.63,203.11,0.2,5061.86,5.06,7070.13,7.07,3555.66,3.56,5556.37,5.56,8091.42,8.09,3855.23,3.86,0.911,0.874,0.922,11624.3,4.31,11624.3,4.31,5184.11,1.93,12620.02,7.4,12620.02,4.43,8917.28,7.4,56,106,20,62,116,21,48,92,18,0,0,0,true,true,"Fixed Percent","Fixed Percent",4.3,4.4,1.9,2,10,10,1.5,1.5,1,5,14,false,1,"High/Low",0,false,20,0,0,100,1,false,0.5,false,1,false,33,33,33,66,100,100,false,true,false,false,false,true,"Close over/under MA5",false,false,true,"EMA",9,true,"EMA",21,true,"EMA",55,true,"EMA",100,true,"EMA",200,false,100,50,"close",200,"close",8,12,"hlc3",3,52,60,100,-53,-60,-75,"close",14,50,60,true,false,false,5,false,14,14,35,false,50,false,"hlc3",14,50,50,false,30,false,"close","close",3,false,"GMT+2","00:00",false,true,true,true,true,true,true,true,false,"Once per bar","3commas,alerteron etc","3commas,alerteron etc","3commas,alerteron etc","3commas,alerteron etc","3commas,alerteron etc","3commas,alerteron etc","3commas,alerteron etc","3commas,alerteron etc",true,true,true,13," ",""
78732.43,78.73,79869.45,79.87,-1137.02,-1.14,694101.64,694.1,458427.96,458.43,235673.68,235.67,615369.21,615.37,378558.51,378.56,236810.7,236.81,57336.47,29.18,484715.1,484.72,0.262,0.483,1.128,1.211,0.995,22,17,22,0,0,52522.02,19322.73,33199.29,316,120,196,0,0,0,143,69,74,173,51,122,45.25,57.5,37.76,249.15,0.25,665.58,0.67,-5.8,-0.01,4853.86,4.85,6643.88,6.64,3184.78,3.18,3557.05,3.56,7422.72,7.42,1941.07,1.94,1.365,0.895,1.641,9379.19,4.31,9379.19,4.31,4182.94,1.93,10182.57,7.4,10182.57,4.43,9047.48,7.4,49,109,12,65,120,13,35,94,11,0,0,0,true,true,"Fixed Percent","Fixed Percent",4.3,4.4,1,2,10,10,1.5,1.5,1,5,14,false,1,"High/Low",0,false,20,0,0,100,1,false,0.5,false,1,false,33,33,33,66,100,100,false,true,false,false,false,true,"Close over/under MA5",false,false,true,"EMA",9,true,"EMA",21,true,"EMA",55,true,"EMA",100,true,"EMA",200,false,100,50,"close",200,"close",8,12,"hlc3",3,52,60,100,-53,-60,-75,"close",14,50,60,true,false,false,5,false,14,14,35,false,50,false,"hlc3",14,50,50,false,30,false,"close","close",3,false,"GMT+2","00:00",false,true,true,true,true,true,true,true,false,"Once per bar","3commas,alerteron etc","3commas,alerteron etc","3commas,alerteron etc","3commas,alerteron etc","3commas,alerteron etc","3commas,alerteron etc","3commas,alerteron etc","3commas,alerteron etc",true,true,true,13," ",""
179896.31,179.9,96649.78,96.65,83246.53,83.25,903712.19,903.71,509980.03,509.98,393732.16,393.73,723815.88,723.82,413330.25,413.33,310485.63,310.49,47008.82,21.67,484147.94,484.15,0.412,0.958,1.249,1.234,1.268,23,19,23,0,0,49755.9,21052.27,28703.62,257,114,143,0,0,0,169,66,103,88,48,40,65.76,57.89,72.03,699.99,0.7,847.81,0.85,582.14,0.58,5347.41,5.35,7726.97,7.73,3822.64,3.82,8225.18,8.23,8611.05,8.61,7762.14,7.76,0.65,0.897,0.492,12661.34,4.41,12661.34,4.41,5481.53,1.93,13215.01,7.4,13215.01,4.43,11184.49,7.4,68,103,40,64,113,32,76,90,59,0,0,0,true,true,"Fixed Percent","Fixed Percent",4.3,4.5,3.7,2,10,10,1.5,1.5,1,5,14,false,1,"High/Low",0,false,20,0,0,100,1,false,0.5,false,1,false,33,33,33,66,100,100,false,true,false,false,false,true,"Close over/under MA5",false,false,true,"EMA",9,true,"EMA",21,true,"EMA",55,true,"EMA",100,true,"EMA",200,false,100,50,"close",200,"close",8,12,"hlc3",3,52,60,100,-53,-60,-75,"close",14,50,60,true,false,false,5,false,14,14,35,false,50,false,"hlc3",14,50,50,false,30,false,"close","close",3,false,"GMT+2","00:00",false,true,true,true,true,true,true,true,false,"Once per bar","3commas,alerteron etc","3commas,alerteron etc","3commas,alerteron etc","3commas,alerteron etc","3commas,alerteron etc","3commas,alerteron etc","3commas,alerteron etc","3commas,alerteron etc",true,true,true,13," ",""
72792.85,72.79,16442.08,16.44,56350.76,56.35,709763.42,709.76,375762.46,375.76,334000.96,334,636970.57,636.97,359320.37,359.32,277650.2,277.65,87355.55,35.73,484091.7,484.09,0.245,0.52,1.114,1.046,1.203,23,19,23,0,0,45870.32,21157.32,24713,284,135,149,0,0,0,165,60,105,119,75,44,58.1,44.44,70.47,256.31,0.26,121.79,0.12,378.19,0.38,4301.6,4.3,6262.71,6.26,3180.96,3.18,5352.69,5.35,4790.94,4.79,6310.23,6.31,0.804,1.307,0.504,10116.33,4.31,10116.33,4.31,4383.62,1.93,9367.68,7.4,7121.82,2.93,9367.68,7.4,53,68,40,53,89,32,54,51,60,0,0,0,true,true,"Fixed Percent","Fixed Percent",2.8,4.4,3.7,2,10,10,1.5,1.5,1,5,14,false,1,"High/Low",0,false,20,0,0,100,1,false,0.5,false,1,false,33,33,33,66,100,100,false,true,false,false,false,true,"Close over/under MA5",false,false,true,"EMA",9,true,"EMA",21,true,"EMA",55,true,"EMA",100,true,"EMA",200,false,100,50,"close",200,"close",8,12,"hlc3",3,52,60,100,-53,-60,-75,"close",14,50,60,true,false,false,5,false,14,14,35,false,50,false,"hlc3",14,50,50,false,30,false,"close","close",3,false,"GMT+2","00:00",false,true,true,true,true,true,true,true,false,"Once per bar","3commas,alerteron etc","3commas,alerteron etc","3commas,alerteron etc","3commas,alerteron etc","3commas,alerteron etc","3commas,alerteron etc","3commas,alerteron etc","3commas,alerteron etc",true,true,true,13," ",""
177189.13,177.19,101415.81,101.42,75773.32,75.77,922444.48,922.44,526340.19,526.34,396104.29,396.1,745255.35,745.26,424924.38,424.92,320330.97,320.33,51618.62,21.33,483384.42,483.38,0.406,1.013,1.238,1.239,1.237,23,19,23,0,0,51513.7,21969.12,29544.58,259,116,143,0,0,0,169,68,101,90,48,42,65.25,58.62,70.63,684.13,0.68,874.27,0.87,529.88,0.53,5458.25,5.46,7740.3,7.74,3921.82,3.92,8280.61,8.28,8852.59,8.85,7626.93,7.63,0.659,0.874,0.514,12617.74,4.31,12617.74,4.31,5635.57,1.93,13646.66,7.4,13646.66,4.43,10891.9,7.4,66,101,38,62,110,30,73,88,57,0,0,0,true,true,"Fixed Percent","Fixed Percent",4.3,4.4,3.5,2,10,10,1.5,1.5,1,5,14,false,1,"High/Low",0,false,20,0,0,100,1,false,0.5,false,1,false,33,33,33,66,100,100,false,true,false,false,false,true,"Close over/under MA5",false,false,true,"EMA",9,true,"EMA",21,true,"EMA",55,true,"EMA",100,true,"EMA",200,false,100,50,"close",200,"close",8,12,"hlc3",3,52,60,100,-53,-60,-75,"close",14,50,60,true,false,false,5,false,14,14,35,false,50,false,"hlc3",14,50,50,false,30,false,"close","close",3,false,"GMT+2","00:00",false,true,true,true,true,true,true,true,false,"Once per bar","3commas,alerteron etc","3commas,alerteron etc","3commas,alerteron etc","3commas,alerteron etc","3commas,alerteron etc","3commas,alerteron etc","3commas,alerteron etc","3commas,alerteron etc",true,true,true,13," ",""
172435.67,172.44,91405.44,91.41,81030.24,81.03,901874.46,901.87,511948.61,511.95,389925.85,389.93,729438.79,729.44,420543.17,420.54,308895.62,308.9,49509.04,21.07,484715.1,484.72,0.38,0.888,1.236,1.217,1.262,23,19,23,0,0,48748.46,20288.01,28460.45,253,110,143,0,0,0,164,61,103,89,49,40,64.82,55.45,72.03,681.56,0.68,830.96,0.83,566.65,0.57,5499.23,5.5,8392.6,8.39,3785.69,3.79,8195.94,8.2,8582.51,8.58,7722.39,7.72,0.671,0.978,0.49,13639.69,4.81,13639.69,4.81,5549.59,1.93,13328.28,7.4,13328.28,4.43,11323.3,7.4,70,109,40,66,124,32,76,90,59,0,0,0,true,true,"Fixed Percent","Fixed Percent",4.3,4.9,3.7,2,10,10,1.5,1.5,1,5,14,false,1,"High/Low",0,false,20,0,0,100,1,false,0.5,false,1,false,33,33,33,66,100,100,false,true,false,false,false,true,"Close over/under MA5",false,false,true,"EMA",9,true,"EMA",21,true,"EMA",55,true,"EMA",100,true,"EMA",200,false,100,50,"close",200,"close",8,12,"hlc3",3,52,60,100,-53,-60,-75,"close",14,50,60,true,false,false,5,false,14,14,35,false,50,false,"hlc3",14,50,50,false,30,false,"close","close",3,false,"GMT+2","00:00",false,true,true,true,true,true,true,true,false,"Once per bar","3commas,alerteron etc","3commas,alerteron etc","3commas,alerteron etc","3commas,alerteron etc","3commas,alerteron etc","3commas,alerteron etc","3commas,alerteron etc","3commas,alerteron etc",true,true,true,13," ",""
78732.43,78.73,79869.45,79.87,-1137.02,-1.14,694101.64,694.1,458427.96,458.43,235673.68,235.67,615369.21,615.37,378558.51,378.56,236810.7,236.81,57336.47,29.18,483368.43,483.37,0.262,0.483,1.128,1.211,0.995,22,17,22,0,0,52522.02,19322.73,33199.29,316,120,196,0,0,0,143,69,74,173,51,122,45.25,57.5,37.76,249.15,0.25,665.58,0.67,-5.8,-0.01,4853.86,4.85,6643.88,6.64,3184.78,3.18,3557.05,3.56,7422.72,7.42,1941.07,1.94,1.365,0.895,1.641,9379.19,4.31,9379.19,4.31,4182.94,1.93,10182.57,7.4,10182.57,4.43,9047.48,7.4,49,109,12,65,120,13,35,94,11,0,0,0,true,true,"Fixed Percent","Fixed Percent",4.3,4.4,1,2,10,10,1.5,1.5,1,5,14,false,1,"High/Low",0,false,20,0,0,100,1,false,0.5,false,1,false,33,33,33,66,100,100,false,true,false,false,false,true,"Close over/under MA5",false,false,true,"EMA",9,true,"EMA",21,true,"EMA",55,true,"EMA",100,true,"EMA",200,false,100,50,"close",200,"close",8,12,"hlc3",3,52,60,100,-53,-60,-75,"close",14,50,60,true,false,false,5,false,14,14,35,false,50,false,"hlc3",14,50,50,false,30,false,"close","close",3,false,"GMT+2","00:00",false,true,true,true,true,true,true,true,false,"Once per bar","3commas,alerteron etc","3commas,alerteron etc","3commas,alerteron etc","3commas,alerteron etc","3commas,alerteron etc","3commas,alerteron etc","3commas,alerteron etc","3commas,alerteron etc",true,true,true,13," ",""
19858.9,19.86,-2498.42,-2.5,22357.32,22.36,429120.09,429.12,199743.7,199.74,229376.39,229.38,409261.19,409.26,202242.12,202.24,207019.07,207.02,41938.96,27.63,483197,483.2,0.105,0.186,1.049,0.988,1.108,20,16,20,0,0,40645.15,23258.48,17386.67,370,216,154,0,0,0,155,48,107,215,168,47,41.89,22.22,69.48,53.67,0.05,-11.57,-0.01,145.18,0.15,2768.52,2.77,4161.33,4.16,2143.7,2.14,1903.54,1.9,1203.82,1.2,4404.66,4.4,1.454,3.457,0.487,6267.8,4.31,6267.8,4.31,2750.97,1.93,8261.72,7.4,2603.15,2.82,8261.72,7.4,35,30,42,40,55,33,31,22,64,0,0,0,true,true,"Fixed Percent","Fixed Percent",1,4.4,3.7,2,10,10,1.5,1.5,1,5,14,false,1,"High/Low",0,false,20,0,0,100,1,false,0.5,false,1,false,33,33,33,66,100,100,false,true,false,false,false,true,"Close over/under MA5",false,false,true,"EMA",9,true,"EMA",21,true,"EMA",55,true,"EMA",100,true,"EMA",200,false,100,50,"close",200,"close",8,12,"hlc3",3,52,60,100,-53,-60,-75,"close",14,50,60,true,false,false,5,false,14,14,35,false,50,false,"hlc3",14,50,50,false,30,false,"close","close",3,false,"GMT+2","00:00",false,true,true,true,true,true,true,true,false,"Once per bar","3commas,alerteron etc","3commas,alerteron etc","3commas,alerteron etc","3commas,alerteron etc","3commas,alerteron etc","3commas,alerteron etc","3commas,alerteron etc","3commas,alerteron etc",true,true,true,13," ",""
142525.69,142.53,68877.64,68.88,73648.05,73.65,817644.45,817.64,458668.63,458.67,358975.82,358.98,675118.75,675.12,389790.98,389.79,285327.77,285.33,44671.9,21.37,483149.7,483.15,0.347,0.775,1.211,1.177,1.258,23,19,23,0,0,45100.58,18882.04,26218.54,253,110,143,0,0,0,164,61,103,89,49,40,64.82,55.45,72.03,563.34,0.56,626.16,0.63,515.02,0.52,4985.64,4.99,7519.16,7.52,3485.2,3.49,7585.6,7.59,7954.92,7.95,7133.19,7.13,0.657,0.945,0.489,11702.95,4.61,11702.95,4.61,4949.79,1.93,11910.32,7.4,11910.32,4.43,10099.62,7.4,69,108,40,65,121,32,76,90,59,0,0,0,true,true,"Fixed Percent","Fixed Percent",4.3,4.7,3.7,2,10,10,1.5,1.5,1,5,14,false,1,"High/Low",0,false,20,0,0,100,1,false,0.5,false,1,false,33,33,33,66,100,100,false,true,false,false,false,true,"Close over/under MA5",false,false,true,"EMA",9,true,"EMA",21,true,"EMA",55,true,"EMA",100,true,"EMA",200,false,100,50,"close",200,"close",8,12,"hlc3",3,52,60,100,-53,-60,-75,"close",14,50,60,true,false,false,5,false,14,14,35,false,50,false,"hlc3",14,50,50,false,30,false,"close","close",3,false,"GMT+2","00:00",false,true,true,true,true,true,true,true,false,"Once per bar","3commas,alerteron etc","3commas,alerteron etc","3commas,alerteron etc","3commas,alerteron etc","3commas,alerteron etc","3commas,alerteron etc","3commas,alerteron etc","3commas,alerteron etc",true,true,true,13," ",""
113642.57,113.64,76248.21,76.25,37394.36,37.39,811024.57,811.02,481154.59,481.15,329869.98,329.87,697382,697.38,404906.38,404.91,292475.62,292.48,68354.08,32.13,483239.42,483.24,0.318,0.569,1.163,1.188,1.128,22,16,22,0,0,50210,20449.14,29760.86,281,120,161,0,0,0,163,69,94,118,51,67,58.01,57.5,58.39,404.42,0.4,635.4,0.64,232.26,0.23,4975.61,4.98,6973.25,6.97,3509.26,3.51,5910.02,5.91,7939.34,7.94,4365.31,4.37,0.842,0.878,0.804,11063.61,4.31,11063.61,4.31,4934.2,1.93,12011.3,7.4,12011.3,4.43,8808.44,7.4,58,106,22,62,116,22,52,92,20,0,0,0,true,true,"Fixed Percent","Fixed Percent",4.3,4.4,2.2,2,10,10,1.5,1.5,1,5,14,false,1,"High/Low",0,false,20,0,0,100,1,false,0.5,false,1,false,33,33,33,66,100,100,false,true,false,false,false,true,"Close over/under MA5",false,false,true,"EMA",9,true,"EMA",21,true,"EMA",55,true,"EMA",100,true,"EMA",200,false,100,50,"close",200,"close",8,12,"hlc3",3,52,60,100,-53,-60,-75,"close",14,50,60,true,false,false,5,false,14,14,35,false,50,false,"hlc3",14,50,50,false,30,false,"close","close",3,false,"GMT+2","00:00",false,true,true,true,true,true,true,true,false,"Once per bar","3commas,alerteron etc","3commas,alerteron etc","3commas,alerteron etc","3commas,alerteron etc","3commas,alerteron etc","3commas,alerteron etc","3commas,alerteron etc","3commas,alerteron etc",true,true,true,13," ",""
157052.08,157.05,79798.99,79.8,77253.09,77.25,858717.14,858.72,484628.61,484.63,374088.53,374.09,701665.06,701.67,404829.62,404.83,296835.44,296.84,47030.05,21.22,484715.1,484.72,0.364,0.831,1.224,1.197,1.26,23,19,23,0,0,46883.32,19570.09,27313.23,253,110,143,0,0,0,164,61,103,89,49,40,64.82,55.45,72.03,620.76,0.62,725.45,0.73,540.23,0.54,5236.08,5.24,7944.73,7.94,3631.93,3.63,7883.88,7.88,8261.83,8.26,7420.89,7.42,0.664,0.962,0.489,12637.21,4.71,12637.21,4.71,5241.28,1.93,12599.71,7.4,12599.71,4.43,10694.19,7.4,69,108,40,66,123,32,76,90,59,0,0,0,true,true,"Fixed Percent","Fixed Percent",4.3,4.8,3.7,2,10,10,1.5,1.5,1,5,14,false,1,"High/Low",0,false,20,0,0,100,1,false,0.5,false,1,false,33,33,33,66,100,100,false,true,false,false,false,true,"Close over/under MA5",false,false,true,"EMA",9,true,"EMA",21,true,"EMA",55,true,"EMA",100,true,"EMA",200,false,100,50,"close",200,"close",8,12,"hlc3",3,52,60,100,-53,-60,-75,"close",14,50,60,true,false,false,5,false,14,14,35,false,50,false,"hlc3",14,50,50,false,30,false,"close","close",3,false,"GMT+2","00:00",false,true,true,true,true,true,true,true,false,"Once per bar","3commas,alerteron etc","3commas,alerteron etc","3commas,alerteron etc","3commas,alerteron etc","3commas,alerteron etc","3commas,alerteron etc","3commas,alerteron etc","3commas,alerteron etc",true,true,true,13," ",""
58193.27,58.19,62156.65,62.16,-3963.39,-3.96,676625.29,676.63,360752.2,360.75,315873.09,315.87,618432.03,618.43,298595.55,298.6,319836.48,319.84,53925.08,33.7,483215.43,483.22,0.184,0.347,1.094,1.208,0.988,21,16,21,0,0,29966.42,15221.2,14745.23,215,116,99,0,0,0,110,67,43,105,49,56,51.16,57.76,43.43,270.67,0.27,535.83,0.54,-40.03,-0.04,6151.14,6.15,5384.36,5.38,7345.89,7.35,5889.83,5.89,6093.79,6.09,5711.37,5.71,1.044,0.884,1.286,9776.95,4.92,8569.86,4.31,9776.95,4.92,9126.6,7.4,9126.6,4.43,8350.71,7.4,92,95,89,89,102,69,96,86,105,0,0,0,true,true,"Fixed Percent","Fixed Percent",4.3,4.4,3.7,5,10,10,1.5,1.5,1,5,14,false,1,"High/Low",0,false,20,0,0,100,1,false,0.5,false,1,false,33,33,33,66,100,100,false,true,false,false,false,true,"Close over/under MA5",false,false,true,"EMA",9,true,"EMA",21,true,"EMA",55,true,"EMA",100,true,"EMA",200,false,100,50,"close",200,"close",8,12,"hlc3",3,52,60,100,-53,-60,-75,"close",14,50,60,true,false,false,5,false,14,14,35,false,50,false,"hlc3",14,50,50,false,30,false,"close","close",3,false,"GMT+2","00:00",false,true,true,true,true,true,true,true,false,"Once per bar","3commas,alerteron etc","3commas,alerteron etc","3commas,alerteron etc","3commas,alerteron etc","3commas,alerteron etc","3commas,alerteron etc","3commas,alerteron etc","3commas,alerteron etc",true,true,true,13," ",""
57714.78,57.71,13134.8,13.13,44579.98,44.58,648721.15,648.72,341283.74,341.28,307437.42,307.44,591006.37,591.01,328148.93,328.15,262857.44,262.86,74216.83,33.58,483413.83,483.41,0.21,0.456,1.098,1.04,1.17,23,19,23,0,0,43048.9,20116.04,22932.86,290,140,150,0,0,0,164,59,105,126,81,45,56.55,42.14,70,199.02,0.2,93.82,0.09,297.2,0.3,3955.62,3.96,5784.47,5.78,2927.98,2.93,4690.53,4.69,4051.22,4.05,5841.28,5.84,0.843,1.428,0.501,9107.02,4.31,9107.02,4.31,3962.54,1.93,9425.6,7.4,5993.73,2.73,9425.6,7.4,52,62,42,50,80,32,54,49,64,0,0,0,true,true,"Fixed Percent","Fixed Percent",2.6,4.4,3.7,2,10,10,1.5,1.5,1,5,14,false,1,"High/Low",0,false,20,0,0,100,1,false,0.5,false,1,false,33,33,33,66,100,100,false,true,false,false,false,true,"Close over/under MA5",false,false,true,"EMA",9,true,"EMA",21,true,"EMA",55,true,"EMA",100,true,"EMA",200,false,100,50,"close",200,"close",8,12,"hlc3",3,52,60,100,-53,-60,-75,"close",14,50,60,true,false,false,5,false,14,14,35,false,50,false,"hlc3",14,50,50,false,30,false,"close","close",3,false,"GMT+2","00:00",false,true,true,true,true,true,true,true,false,"Once per bar","3commas,alerteron etc","3commas,alerteron etc","3commas,alerteron etc","3commas,alerteron etc","3commas,alerteron etc","3commas,alerteron etc","3commas,alerteron etc","3commas,alerteron etc",true,true,true,13," ",""
59146.35,59.15,64131.67,64.13,-4985.32,-4.99,693702.58,693.7,371089.98,371.09,322612.59,322.61,634556.22,634.56,306958.31,306.96,327597.91,327.6,57188.66,34.2,483618.2,483.62,0.186,0.348,1.093,1.209,0.985,22,16,22,0,0,30872.83,15653.06,15219.77,216,116,100,0,0,0,111,67,44,105,49,56,51.39,57.76,44,273.83,0.27,552.86,0.55,-49.85,-0.05,6249.57,6.25,5538.66,5.54,7332.1,7.33,6043.39,6.04,6264.46,6.26,5849.96,5.85,1.034,0.884,1.253,9746.26,4.82,8687.65,4.31,9746.26,4.82,9252.01,7.4,9252.01,4.43,8736.17,7.4,92,95,88,89,102,70,94,86,102,0,0,0,true,true,"Fixed Percent","Fixed Percent",4.3,4.4,3.7,4.9,10,10,1.5,1.5,1,5,14,false,1,"High/Low",0,false,20,0,0,100,1,false,0.5,false,1,false,33,33,33,66,100,100,false,true,false,false,false,true,"Close over/under MA5",false,false,true,"EMA",9,true,"EMA",21,true,"EMA",55,true,"EMA",100,true,"EMA",200,false,100,50,"close",200,"close",8,12,"hlc3",3,52,60,100,-53,-60,-75,"close",14,50,60,true,false,false,5,false,14,14,35,false,50,false,"hlc3",14,50,50,false,30,false,"close","close",3,false,"GMT+2","00:00",false,true,true,true,true,true,true,true,false,"Once per bar","3commas,alerteron etc","3commas,alerteron etc","3commas,alerteron etc","3commas,alerteron etc","3commas,alerteron etc","3commas,alerteron etc","3commas,alerteron etc","3commas,alerteron etc",true,true,true,13," ",""
57714.78,57.71,13134.8,13.13,44579.98,44.58,648721.15,648.72,341283.74,341.28,307437.42,307.44,591006.37,591.01,328148.93,328.15,262857.44,262.86,74216.83,33.58,483413.83,483.41,0.21,0.456,1.098,1.04,1.17,23,19,23,0,0,43048.9,20116.04,22932.86,290,140,150,0,0,0,164,59,105,126,81,45,56.55,42.14,70,199.02,0.2,93.82,0.09,297.2,0.3,3955.62,3.96,5784.47,5.78,2927.98,2.93,4690.53,4.69,4051.22,4.05,5841.28,5.84,0.843,1.428,0.501,9107.02,4.31,9107.02,4.31,3962.54,1.93,9425.6,7.4,5993.73,2.73,9425.6,7.4,52,62,42,50,80,32,54,49,64,0,0,0,true,true,"Fixed Percent","Fixed Percent",2.6,4.4,3.7,2,10,10,1.5,1.5,1,5,14,false,1,"High/Low",0,false,20,0,0,100,1,false,0.5,false,1,false,33,33,33,66,100,100,false,true,false,false,false,true,"Close over/under MA5",false,false,true,"EMA",9,true,"EMA",21,true,"EMA",55,true,"EMA",100,true,"EMA",200,false,100,50,"close",200,"close",8,12,"hlc3",3,52,60,100,-53,-60,-75,"close",14,50,60,true,false,false,5,false,14,14,35,false,50,false,"hlc3",14,50,50,false,30,false,"close","close",3,false,"GMT+2","00:00",false,true,true,true,true,true,true,true,false,"Once per bar","3commas,alerteron etc","3commas,alerteron etc","3commas,alerteron etc","3commas,alerteron etc","3commas,alerteron etc","3commas,alerteron etc","3commas,alerteron etc","3commas,alerteron etc",true,true,true,13," ",""
